Amazon,"Amazon, Expedia Back Suit Over Trump Immigration Ban",Amazon and Expedia this week endorsed Washington Attorney General Bob Ferguson's lawsuit opposing President Trump's immigration executive order. The complaint says the mandate violates the US Constitution and federal Immigration and Nationality Act.,"http://www.bing.com/cr?IG=93198C0F6E4C4118B08C4373BD68344C&CID=0CD4AED5E5A06A4429D9A4CAE4916B60&rd=1&h=xYJJLccDWpG55HBsMStLjJFTKHQbmF6xiASA_vCbYdM&v=1&r=http%3a%2f%2fwww.pcmag.com%2fnews%2f351453%2famazon-expedia-back-suit-over-trump-immigration-ban&p=DevEx,5019.1"
Amazon,Amazon explores legal options against Trump’s immigration ban,"Some of the world's biggest tech companies have criticized President Trump's executive order to temporarily ban citizens and refugees from seven Muslim countries from entering the United States. Now, one of those firms said it is exploring legal action to ...","https://www.bing.com/cr?IG=93198C0F6E4C4118B08C4373BD68344C&CID=0CD4AED5E5A06A4429D9A4CAE4916B60&rd=1&h=kgvg91GmJPVDrT470V1KGhauI5uwARHzVLhfKh-jj3c&v=1&r=https%3a%2f%2fwww.washingtonpost.com%2fnews%2fthe-switch%2fwp%2f2017%2f01%2f30%2famazon-explores-legal-options-against-trumps-immigration-ban%2f&p=DevEx,5021.1"
Amazon,Amazon CEO Jeff Bezos on Trump’s immigration ban: ‘We’re a nation of immigrants’,"Amazon CEO Jeff Bezos took a hard stance on Donald Trump’s immigration policy on Monday, saying in an email to the company’s employees that Amazon does not support it. “We’re a nation of immigrants whose diverse backgrounds, ideas, and points of ...","http://www.bing.com/cr?IG=93198C0F6E4C4118B08C4373BD68344C&CID=0CD4AED5E5A06A4429D9A4CAE4916B60&rd=1&h=dwKdfbn6FJyplnH3T5OzYo-qD20-q2DtbVyKlIb9-yE&v=1&r=http%3a%2f%2fwww.geekwire.com%2f2017%2famazon-ceo-jeff-bezos-says-company-not-support-trumps-immigration-ban-nation-immigrants%2f&p=DevEx,5023.1"
Amazon,Federal Judge blocks Trump's immigration ban; White House will appeal,"The judge ruled that states have legal standing to sue, which could help Democratic attorneys general take on Trump in court on issues beyond immigration ... ban, for example students and faculty at state-funded universities being stranded overseas. Amazon ...","http://www.bing.com/cr?IG=93198C0F6E4C4118B08C4373BD68344C&CID=0CD4AED5E5A06A4429D9A4CAE4916B60&rd=1&h=INz3NQpkaJX6OQhxiI2-dwUrCZyjQ_k3b0yIeSr2JaQ&v=1&r=http%3a%2f%2fen.mercopress.com%2f2017%2f02%2f04%2ffederal-judge-blocks-trump-s-immigration-ban-white-house-will-appeal&p=DevEx,5025.1"
Amazon,Amazon CEO Jeff Bezos has pledged to fight Trump’s immigration ban in court and on Capitol Hill,Amazon CEO Jeff Bezos is adding more weight to his company’s opposition to U.S. President Donald Trump's executive order banning refugees and those with legal visas from seven majority-Muslim nations from entering the United States. In an email sent to ...,"http://www.bing.com/cr?IG=93198C0F6E4C4118B08C4373BD68344C&CID=0CD4AED5E5A06A4429D9A4CAE4916B60&rd=1&h=qNJ3OsM4DtTbR-6JWPbcXwdM82_ecVfy34iJ_ikllNo&v=1&r=http%3a%2f%2fwww.recode.net%2f2017%2f1%2f30%2f14446572%2famazon-jeff-bezos-fight-trump-immigration-refugee-ban-court-congress-visa&p=DevEx,5027.1"
Cisco,Donald Trump: Tech giant Cisco joins other US companies criticising travel ban,"Global technology giant Cisco has joined other US companies in slamming Donald Trump's immigration ban, adding to criticism from the likes of Google, Apple and Microsoft in urging the Trump administration to reconsider the controversial travel measures.","http://www.bing.com/cr?IG=311386DC668E40EBA876E41D12E2F06D&CID=0CFC751E262968530C157F01271869B9&rd=1&h=Sw3Y9viMdWxv1CiuM7IsFbVJ68qOjEArMaSFs3R1o8U&v=1&r=http%3a%2f%2fwww.abc.net.au%2fnews%2f2017-02-01%2fcisco-joins-other-us-companies-in-slamming-trump-immigration-ban%2f8228878&p=DevEx,5021.1"
Cisco,"Why Cisco Systems, Inc. (NASDAQ:CSCO) Is Worried About Trump’s Travel Ban","for their employees affected by Trump’s travel ban. Others like Google have already set aside funds to fight Trump’s controversial immigration order. Cisco’s shares have gained nearly 30% over the last 12 months. However, the stock retreated 0.4% to ...","https://www.bing.com/cr?IG=311386DC668E40EBA876E41D12E2F06D&CID=0CFC751E262968530C157F01271869B9&rd=1&h=bzTT-XtF7YbMCG-6jHvuWmBtwJg4OR3Myx4tnVRq9QA&v=1&r=https%3a%2f%2fmarketexclusive.com%2fcisco-systems-inc-nasdaqcsco-worried-trumps-travel-ban%2f70772%2f&p=DevEx,5023.1"
Cisco,23 Huge Companies That Have Responded to President Trump’s Immigration Ban,"In the aftermath of the ban, we contacted the majority ... the growth of businesses and our national economy. Cisco values a diverse and inclusive environment and believes in an effective high-skilled immigration system."" ""We are committed to our employees ...","http://www.bing.com/cr?IG=311386DC668E40EBA876E41D12E2F06D&CID=0CFC751E262968530C157F01271869B9&rd=1&h=qksvuY4-4YoPezcF7bcm6ko4ApaYYO9yD_oEkbwywEQ&v=1&r=http%3a%2f%2ffortune.com%2f2017%2f01%2f31%2fdonald-trump-immigration-ban-responses%2f&p=DevEx,5025.1"
Cisco,President Trump’s corporate advisers and other execs react to his immigration ban,"“We’ve always made our view on immigration issues known publicly and ... advisory boards had not made statements on the travel ban: 3M, Arconic, Boeing, Campbell Soup, Caterpillar, Cisco, Corning, Dana, Dell Technologies, Dow Chemical, General Motors ...","http://www.bing.com/cr?IG=311386DC668E40EBA876E41D12E2F06D&CID=0CFC751E262968530C157F01271869B9&rd=1&h=WxSVi6ksJHp43IYuiScnPiTn7zXE-ZPbx1bUTN1WPxc&v=1&r=http%3a%2f%2fwww.salon.com%2f2017%2f01%2f30%2fonly-a-dozen-of-president-trumps-executive-advisers-reacted-to-his-immigration-ban%2f&p=DevEx,5027.1"
Cisco,Cisco Joins the Stand Against Trump,"Cisco, the technology titan who employs over 70,000 people on six continents, has joined a wide range of companies in their criticism of President Trump’s incendiary new immigration law ... Since the ‘Muslim ban’ has been introduced – so termed ...","http://www.bing.com/cr?IG=311386DC668E40EBA876E41D12E2F06D&CID=0CFC751E262968530C157F01271869B9&rd=1&h=nT0-whA6qhMYoZhaDH0jS_pBROfRgcLTx62EQBK_igo&v=1&r=http%3a%2f%2ftechexec.com.au%2fcisco-joins-stand-trump%2f&p=DevEx,5029.1"
Microsoft,Microsoft seeks 'exceptions' to Trump immigration ban,"The announcement came just hours after Trump sacked acting Attorney General Sally Yates. Video provided by Newsy Newslook Microsoft, one of the tech companies that has expressed opposition to President Trump’s executive order on immigration, is asking ...","http://www.bing.com/cr?IG=8D9CD9C9E6344BD38B7E8B06B4CB2D96&CID=1E4839183BE465342B2C33073AD56450&rd=1&h=MD7uLvaY0MobMetoVPJxPlB-pmkd-UBigqKIuEAx2Fk&v=1&r=http%3a%2f%2fwww.usatoday.com%2fstory%2ftech%2f2017%2f02%2f02%2fmicrosoft-seeks-exceptions-trump-immigration-ban%2f97407102%2f&p=DevEx,5019.1"
Microsoft,Microsoft Immigration Ban Exceptions Program Proposal Sent to DC,"Microsoft, seeking to create a program of immigration ban exceptions, on Thursday sent a proposal to Washington in an effort to help employees impacted by President Donald Trump's temporary travel ban on travelers coming into the United States from certain ...","http://www.bing.com/cr?IG=8D9CD9C9E6344BD38B7E8B06B4CB2D96&CID=1E4839183BE465342B2C33073AD56450&rd=1&h=zIAasBLvVPkjMIaZXytwI-nuw04Md67zT1PhtnnI8ks&v=1&r=http%3a%2f%2fwww.newsmax.com%2fTheWire%2fmicrosoft-immigration-ban-exceptions%2f2017%2f02%2f02%2fid%2f771717%2f&p=DevEx,5021.1"
Microsoft,"Microsoft seeks exemption for workers, students from travel ban","As it pursues a legal battle against President Donald Trump's temporary immigration ban, Microsoft has made a formal plea to the US administration seeking an exemption for students and workers from the order. In his recent executive order, Trump has ...","http://www.bing.com/cr?IG=8D9CD9C9E6344BD38B7E8B06B4CB2D96&CID=1E4839183BE465342B2C33073AD56450&rd=1&h=uvVHKsDVDAguAJC5_Fb91V_pqflN69cCU_zgCSXtw3A&v=1&r=http%3a%2f%2fin.pcmag.com%2fmicrosoft%2f112300%2fnews%2fmicrosoft-seeks-exemption-for-workers-students-from-travel-b&p=DevEx,5023.1"
Microsoft,No Game Over: Game Developers Protest Trump's Immigration Ban,"Game developers are up in arms to protest U.S. President's Donald Trump's immigration ban on certain ... Facebook, and Microsoft and the rest of the tech industry have denounced the so-called ""Muslim ban."" Video game developers have also released ...","http://www.bing.com/cr?IG=8D9CD9C9E6344BD38B7E8B06B4CB2D96&CID=1E4839183BE465342B2C33073AD56450&rd=1&h=wgzDwxRkElWgH09XITAENW9000lQ0NNd7CO4K5LLglc&v=1&r=http%3a%2f%2fwww.techtimes.com%2farticles%2f195340%2f20170204%2fno-game-over-game-developers-protest-trumps-immigration-ban.htm&p=DevEx,5025.1"
Microsoft,"Trump immigration ban: Microsoft’s exemption plan, Facebook to be hit by H1-B","Silicon Valley majors like Apple, Microsoft, Google, Facebook, Twitter Uber are resisting President Trump’s executive order on immigration, which has banned the entry of nationals from seven Muslim-majority countries, including those people who have ...","http://www.bing.com/cr?IG=8D9CD9C9E6344BD38B7E8B06B4CB2D96&CID=1E4839183BE465342B2C33073AD56450&rd=1&h=VUMj8x9HgbAFck0TQqkYXngNB_C1UK4G-9FfTtXxQXQ&v=1&r=http%3a%2f%2findianexpress.com%2farticle%2ftechnology%2ftech-news-technology%2ftrump-immigration-ban-microsofts-exemption-plan-facebook-to-be-hit-by-h1-b-4505514%2f&p=DevEx,5027.1"
Twitter,Trump blasts 'so-called judge' who temporarily blocked immigration ban in Saturday tweetstorm,"he tweeted. US District Judge James Robart, a Seattle federal judge and George W. Bush appointee, granted a nationwide temporary restraining order on the immigration ban Friday night. Robart's ruling, contrary to the claims in Trump's tweets ...","http://www.bing.com/cr?IG=8DB13322A53549679F00E5FAD2EA1E3D&CID=315145D8D7E668A400CF4FC7D6D76937&rd=1&h=CiP8syoc-z04ehRDBpbLs5rLSLU4IKAteCJuRrCj6Io&v=1&r=http%3a%2f%2fwww.businessinsider.com%2ftrump-judge-immigration-ban-block-twitter-2017-2&p=DevEx,5019.1"
Twitter,"Trump tweets on ""so-called judge"" after travel ban stay","President Trump launched an early morning Twitter offensive against a federal judge Saturday after U.S. District Judge James Robart in Seattle declared a nationwide stay on Mr. Trump’s travel ban. The president defended his immigration order, which ...","http://www.bing.com/cr?IG=8DB13322A53549679F00E5FAD2EA1E3D&CID=315145D8D7E668A400CF4FC7D6D76937&rd=1&h=A8tjRnJveVUy5nXXU71tfl0qnIArj15S2AtPXeK5r8k&v=1&r=http%3a%2f%2fwww.cbsnews.com%2fnews%2ftrump-tweets-on-so-called-judge-after-travel-ban-stay%2f&p=DevEx,5021.1"
Twitter,Trump's Twitter criticism of judge shows limits of staff's influence,"Late Friday night, some of President Donald Trump's top advisers huddled on the phone to craft a response to a court ruling that blocked the White House's refugee and immigration ban. The White ... Trump lashed out on Twitter at the ""so-called judge ...","http://www.bing.com/cr?IG=8DB13322A53549679F00E5FAD2EA1E3D&CID=315145D8D7E668A400CF4FC7D6D76937&rd=1&h=LQtKkJHMqUdUCPWx5Mu0XJhbOIInBEaM5LMoTKBwe0o&v=1&r=http%3a%2f%2fwww.chicagotribune.com%2fnews%2fnationworld%2fct-judge-james-robart-trump-20170204-story.html&p=DevEx,5023.1"
Twitter,Donald Trump Claims ‘Certain Middle-Eastern Countries’ Agree With Muslim Ban,"Donald Trump went on a Twitter tirade on Saturday ... Yemeni bodega owners in New York City went on a city-wide strike in protest of the immigration ban. On Wednesday, February 1, Trump’s longtime pal Howard Stern said on his SiriusXM radio show that ...","http://www.bing.com/cr?IG=8DB13322A53549679F00E5FAD2EA1E3D&CID=315145D8D7E668A400CF4FC7D6D76937&rd=1&h=EElqjpFYJNhmUJM5RYBluVgRdJ3H-OCtRpXtWTOObH0&v=1&r=http%3a%2f%2fwww.usmagazine.com%2fcelebrity-news%2fnews%2fdonald-trump-certain-middle-eastern-countries-agree-with-muslim-ban-w465013&p=DevEx,5025.1"
Twitter,Trump's itchy Twitter finger aims at 'so-called' federal judge,"US President Donald Trump's Twitter account exists for him to express displeasure at anyone who crosses him. On Friday, a federal judge in Seattle temporarily blocked Trump's executive order that, among other things, prevented immigration to the States ...","https://www.bing.com/cr?IG=8DB13322A53549679F00E5FAD2EA1E3D&CID=315145D8D7E668A400CF4FC7D6D76937&rd=1&h=aceiQoexo1RnO7Jxwspd4po3EaSCI2-iLtNuizc3GoE&v=1&r=https%3a%2f%2fwww.cnet.com%2fnews%2fdonald-trump-so-called-judge-twitter-immigration-order-ban-james-robart%2f&p=DevEx,5027.1"
F.N.B. Corp.,Microsoft Demands Trump Change Immigration Ban,"Trump got a request from Microsoft Corporation (NASDAQ:MSFT) this week. The American software giant has asked the presidency to exempt workers of American businesses from the recently implemented immigration ban. In an open letter, the company’s Brad ...","http://www.bing.com/cr?IG=E24A9C79A7F840C1842EF44A8EEDABA1&CID=3D91D1F48E35693823EEDBEB8F0468C8&rd=1&h=RaClMUrHQVdZ17HCginqAn47L7z88z8p4deG4FAqUM0&v=1&r=http%3a%2f%2flearnbonds.com%2f133189%2fmicrosoft-trump-changes-immigration-ban%2f&p=DevEx,5019.1"
F.N.B. Corp.,Trump's immigration ban has been blocked nationwide by a Seattle judge,"""They're essentially reading this as a Muslim ban, because that's what they want to see but ... included economic consequences for employers based there, including Microsoft Corp, Starbucks Corp and Amazon.com Inc, Expedia Inc, based in Bellevue ...","http://www.bing.com/cr?IG=E24A9C79A7F840C1842EF44A8EEDABA1&CID=3D91D1F48E35693823EEDBEB8F0468C8&rd=1&h=ruSXms5xBnmAabEPDaJXJK_ad0j8NLzOcWwjp7IG1GQ&v=1&r=http%3a%2f%2fhypelee.com%2f2017%2f02%2ftrumps-immigration-ban-has-been-blocked-nationwide-by-a%2f&p=DevEx,5021.1"
F.N.B. Corp.,Judges across USA to weigh challenges to Trump immigration ban,Donald Trump has pledged to overturn a U.S. judge's ruling that his travel ban on refugees is unconstitutional. Mr Trump's January 27 executive order banned all immigration from Syria ... of -38.11 percent. B2Gold Corp. (NYSE:BTG) [ Trend Analysis ...,"http://www.bing.com/cr?IG=E24A9C79A7F840C1842EF44A8EEDABA1&CID=3D91D1F48E35693823EEDBEB8F0468C8&rd=1&h=mIF6-lGuAS4NfNxcusSsuukN67PAmlJYB5j8Cn4wyHY&v=1&r=http%3a%2f%2fekosvoice.com%2f2017%2f02%2f04%2fjudges-across-usa-to-weigh-challenges-to-trump-immigration.html&p=DevEx,5023.1"
F.N.B. Corp.,Uber boss departs Trump council after immigration ban uproar,"Let's hear it for Starbucks! As Donald Trump's immigration ban continues to make headlines, the coffee corporation has decided to take a stand against the...","http://www.bing.com/cr?IG=E24A9C79A7F840C1842EF44A8EEDABA1&CID=3D91D1F48E35693823EEDBEB8F0468C8&rd=1&h=auIKQ0Ou7rHVB2HJTxFvgku7lI8glq15XrLfgjSWq70&v=1&r=http%3a%2f%2fwww.onenewspage.com%2fn%2fBusiness%2f75e3pbz67%2fUber-boss-departs-Trump-council-after-immigration-ban.htm&p=DevEx,5025.1"
F.N.B. Corp.,CEOs oppose Trump immigration ban,"NEW YORK — CEOs of some of the world’s biggest companies are fighting back against President Donald Trump’s temporary immigration ban, calling it un-American ... to seek alternatives to cabs. Starbucks Corp. said it will hire 10,000 refugees over ...","http://www.bing.com/cr?IG=E24A9C79A7F840C1842EF44A8EEDABA1&CID=3D91D1F48E35693823EEDBEB8F0468C8&rd=1&h=SC39OSx--V-2rFImieVK13VJ3LGcw1CKpPK37DCYUBA&v=1&r=http%3a%2f%2fwww.yorkdispatch.com%2fstory%2fmoney%2fbusiness%2f2017%2f01%2f31%2fceos-oppose-trump-immigration-ban%2f97273512%2f&p=DevEx,5027.1"
Legg Mason,Less than 60000 visas denied due to Trump travel ban - State Dept,"All of this comes at a time when NY tech leaders have banded together to oppose Trump's immigration ban. Uber CEO Travis Kalanick has left Donald Trump's business advisory board following widespread boycotts. Legg Mason, Inc. (NYSE:LM) Earnings Watch List ...","http://www.bing.com/cr?IG=B01BF4FC83DE49AA8D6102448B67D772&CID=1DC9CF2E4AC8693C3706C5314BF968D3&rd=1&h=yAKkctuKlDx7gUBDQidra7eJFLFDAgQ6hAUb6qbHapo&v=1&r=http%3a%2f%2fmundoaguaysaneamiento.net%2f2017%2f02%2f04%2fless-than-60000-visas-denied-due-to-trump-travel-ban-state%2f&p=DevEx,5019.1"
Legg Mason,T. Rowe Price 'ready to support' employees that may be impacted by Trump travel ban,"Rowe Price Group Inc. has not had any of its employees blocked from entering the U.S. as a result of President Donald Trump's travel ban, but the Baltimore money ... Mary Athridge, a spokeswoman for Legg Mason (NYSE: LM) said she does not think the order ...","http://www.bing.com/cr?IG=B01BF4FC83DE49AA8D6102448B67D772&CID=1DC9CF2E4AC8693C3706C5314BF968D3&rd=1&h=gUh4MaL-cNAj2fhIOJUCKMZ5hlpc5RG8E4ogqISiC9E&v=1&r=http%3a%2f%2fwww.bizjournals.com%2fbaltimore%2fnews%2f2017%2f01%2f30%2ft-rowe-price-ready-to-support-employees-that-may.html&p=DevEx,5021.1"
Legg Mason,"As Trump thunders, investors watch for rain","His recent move to curb immigration has sent major U.S. stock indexes plummeting ... To shield investors from stock gyrations, Michael LaBella, portfolio manager at Legg Mason Inc’s QS Investors unit, said it encourages investors to consider ...","http://www.bing.com/cr?IG=B01BF4FC83DE49AA8D6102448B67D772&CID=1DC9CF2E4AC8693C3706C5314BF968D3&rd=1&h=_3RZ2w5yRrVz8FcvcGzze3hlPENMQWPsutz44PHL4g0&v=1&r=http%3a%2f%2fwww.euronews.com%2f2017%2f01%2f31%2fas-trump-thunders-investors-watch-for-rain&p=DevEx,5023.1"
Legg Mason,Trump Lawyer Says 100000 People Had Visas Revoked Since Immigration Ban Signed,"He said, for instance, that Virginia officials have learned that a George Mason University student from Libya is stuck in Turkey due to the ban. The ACLU filed an emergency lawsuit to stop the ban and a federal judge ruled in their favor. U.S. District ...","http://www.bing.com/cr?IG=B01BF4FC83DE49AA8D6102448B67D772&CID=1DC9CF2E4AC8693C3706C5314BF968D3&rd=1&h=dbU-SMB5_PfT86XeEhTYiPPqvsmb7TCNncAvOrOP9j8&v=1&r=http%3a%2f%2fmlbinjurynews.com%2f2017%2f02%2ftrump-lawyer-says-100000-people-had-visas-revoked-since%2f&p=DevEx,5025.1"
Legg Mason,Immigration ban sows uncertainty for healthcare and medicine,immigration officials have suggested they might expand the scope of the restrictions by extending them beyond 90 days or by adding more countries to the list. That possibility raises questions about what a more permanent ban would mean for the healthcare ...,"http://www.bing.com/cr?IG=B01BF4FC83DE49AA8D6102448B67D772&CID=1DC9CF2E4AC8693C3706C5314BF968D3&rd=1&h=xIUIM3g8TcwcNzmtABkAQSQHNOErdLGv4AhJXfbEQkg&v=1&r=http%3a%2f%2fwww.modernhealthcare.com%2farticle%2f20170204%2fMAGAZINE%2f302049984&p=DevEx,5027.1"
Choice Hotels International,Choice Hotels Statement about the Recent Executive Order Travel Ban,"2017 Choice Hotels International, Inc. All rights reserved. To view the original version on PR Newswire, visit:http://www.prnewswire.com/news-releases/choice-hotels-statement-about-the-recent-executive-order-travel-ban-300400511.html","http://www.bing.com/cr?IG=FA8DE35E7E094A9AB0BFE5CB6D9B4D2E&CID=079DF77DB3C7636414E7FD62B2F66226&rd=1&h=LAqqfwspO-qkxm1CE6MfZK1zblh7MAc_8wn0HDtqqNY&v=1&r=http%3a%2f%2ffinance.yahoo.com%2fnews%2fchoice-hotels-statement-recent-executive-161000771.html&p=DevEx,5019.1"
Choice Hotels International,Choice Hotels asks Trump administration for 'balanced approach',"Choice Hotels International has publicly commented on the president's travel ban on seven Muslim-majority countries, saying that the Trump administration needs ""to find a balanced approach that promotes travel."" ""More specifically, we ask the ...","http://www.bing.com/cr?IG=FA8DE35E7E094A9AB0BFE5CB6D9B4D2E&CID=079DF77DB3C7636414E7FD62B2F66226&rd=1&h=SSQ_f5jIaWe2ymjlKdyJSqO7Km_cXZaTUihZNcMvT5Q&v=1&r=http%3a%2f%2fwww.travelweekly.com%2fTravel-News%2fHotel-News%2fChoice-Hotels-asks-Trump-administration-for-balanced-approach&p=DevEx,5021.1"
Choice Hotels International,Hotel Chains Have Remained Mostly Silent in Trump Travel Ban Furor,"On Wednesday however, Choice Hotels became the first ... the National Immigration Law Center, and the International Rescue Committee. Given how strongly many Americans feel about the ban, it could be understandable why some hotel companies have decided ...","https://www.bing.com/cr?IG=FA8DE35E7E094A9AB0BFE5CB6D9B4D2E&CID=079DF77DB3C7636414E7FD62B2F66226&rd=1&h=T4ukPLFFzvpD9kE8-TZM1FRX0LLeTTz_kpxCsWQZPLg&v=1&r=https%3a%2f%2fskift.com%2f2017%2f02%2f01%2fhotel-chains-have-remained-mostly-silent-in-trump-travel-ban-furor%2f&p=DevEx,5023.1"
Choice Hotels International,Choice Hotels issues statement on US travel ban,"""Choice Hotels supports efforts to ensure the safety and security of the United States. At the same time, we urge the administration to find a balanced approach that promotes travel. More specifically, we ask the administration to welcome international ...","http://www.bing.com/cr?IG=FA8DE35E7E094A9AB0BFE5CB6D9B4D2E&CID=079DF77DB3C7636414E7FD62B2F66226&rd=1&h=hrRQ1MZZOpyL7mWrgs0xRag5jXm4gz14jw1bf8X9ae8&v=1&r=http%3a%2f%2fwww.eturbonews.com%2f77080%2fchoice-hotels-issues-statement-us-travel-ban&p=DevEx,5025.1"
Choice Hotels International,More Travel Managers Voice Concern Over Travel Ban,"Choice Hotels is waiving cancellation fees for travelers unable to enter the U.S. because of President Trump's immigration ban. ""Choice Hotels supports efforts to ensure the safety and security of the United States. At the same time, we urge the ...","http://www.bing.com/cr?IG=FA8DE35E7E094A9AB0BFE5CB6D9B4D2E&CID=079DF77DB3C7636414E7FD62B2F66226&rd=1&h=oed6wEVRe3X4uxAI2iJ4bujHR5FBGckY7DDB1SkV-xw&v=1&r=http%3a%2f%2fwww.businesstravelnews.com%2fGlobal%2fMore-Travel-Managers-Voice-Concern-Over-Travel-Ban&p=DevEx,5027.1"
Pinnacle,Why The Trump Immigration Ban Is Bad For The U.S. And Bad For The World,That which helped prompt numerous politicians and immigration lawyers around the country to help ... It also illustrates why the US has remained at the pinnacle of higher education and research for so many years. Because we can attract the best and ...,"http://www.bing.com/cr?IG=0790C1AEEDF44916AAF01F2D8A2DCC23&CID=2E4AAC4C6ADC6F183384A6536BED6E9C&rd=1&h=yuVMyQCIL-mp63Y9ACYE_Abl_Kj0kO7uqfcoaZPqdLQ&v=1&r=http%3a%2f%2fwww.huffingtonpost.com%2fentry%2fwhy-the-trump-immigration-ban-is-bad-for-the-us-and-bad-for-the-world_us_5893569ce4b0bf5206e68683&p=DevEx,5021.1"
Pinnacle,Azealia Banks To Rihanna “Shut Up and Sit Down” in Defense of Trump,"Rihanna, like a number of other singers including Drake and Justin Bieber , may have reached the pinnacle of fame in America ... of just saying outright ‘I support Trump and the immigration ban’ and list the merits she sees. Picking a fight with ...","http://www.bing.com/cr?IG=0790C1AEEDF44916AAF01F2D8A2DCC23&CID=2E4AAC4C6ADC6F183384A6536BED6E9C&rd=1&h=r58MD2H2gVBdEYy0uWfqWrTlUTgCN_D096Izy0zXmYM&v=1&r=http%3a%2f%2fyourblackworld.net%2f2017%2f01%2f31%2fazealia-banks-to-rihanna-shut-up-and-sit-down-in-defense-of-trump%2f&p=DevEx,5023.1"
Pinnacle,"Key Business Executives Criticize Trump’s Immigration Ban, Market Slides","NEW YORK – Top US business leaders added their voices to the criticism sparked by President Donald Trump’s recent immigration measures ... it was the NASDAQ index’s turn to reach a new pinnacle. On Monday, by contrast, the three indicators were ...","http://www.bing.com/cr?IG=0790C1AEEDF44916AAF01F2D8A2DCC23&CID=2E4AAC4C6ADC6F183384A6536BED6E9C&rd=1&h=MGDo-hRhN5FJrZZZfIqgZnoFNtg5CkkHpC_AqYr6-JE&v=1&r=http%3a%2f%2fwww.laht.com%2farticle.asp%3fArticleId%3d2430207%26CategoryId%3d12396&p=DevEx,5025.1"
Pinnacle,"Google, other technology stocks retreat","President Donald Trump’s temporary ban on refugees from countries associated with terrorism isn’t the driving factor for the Monday selloff, said Jeffrey Elfont, president of Walnut Creek-based Pinnacle ... rocking the boat on immigration.","http://www.bing.com/cr?IG=0790C1AEEDF44916AAF01F2D8A2DCC23&CID=2E4AAC4C6ADC6F183384A6536BED6E9C&rd=1&h=AEVnrsw2zs1lN3DFQJm0VaPHUV5UNpsV8dGPAYl4xO0&v=1&r=http%3a%2f%2fwww.mercurynews.com%2f2017%2f01%2f30%2fgoogle-other-technology-stocks-tumble%2f&p=DevEx,5027.1"
Pinnacle,Critics See Sessions' Influence in Refugee Ban,"Writers Philip Rucker and Robert Costa reported Sessions’ aides and allies have fueled Trump's ""most dramatic moves, including the ban on refugees and migrants ... the Justice Department,"" they write. ""From immigration and health care to national ...","http://www.bing.com/cr?IG=0790C1AEEDF44916AAF01F2D8A2DCC23&CID=2E4AAC4C6ADC6F183384A6536BED6E9C&rd=1&h=vEhrNrwDyIGTIGDSOeCIvCe0cswZkhdV3wr9a26cPsI&v=1&r=http%3a%2f%2fwww.newsmax.com%2fPolitics%2fjeff-sessions-power-trump-admin-refugee-ban%2f2017%2f01%2f30%2fid%2f771144%2f&p=DevEx,5029.1"
Pinnacle Financial Partners,Why The Trump Immigration Ban Is Bad For The U.S. And Bad For The World,"That which helped prompt numerous politicians and immigration lawyers around the country to help her. My own university, agreed to admit her and provide financial support if ... why the US has remained at the pinnacle of higher education and research ...","http://www.bing.com/cr?IG=341B96755ACA4BD48A51A6385CECE66D&CID=24F7D2C2B6336F2E27A4D8DDB7026EC9&rd=1&h=yuVMyQCIL-mp63Y9ACYE_Abl_Kj0kO7uqfcoaZPqdLQ&v=1&r=http%3a%2f%2fwww.huffingtonpost.com%2fentry%2fwhy-the-trump-immigration-ban-is-bad-for-the-us-and-bad-for-the-world_us_5893569ce4b0bf5206e68683&p=DevEx,5019.1"
Pinnacle Financial Partners,"Trump travel ban, other pressures lead Pakistan to rein in Islamist militants",Therein lies the conundrum facing Pakistani officials today as they scramble to forestall punitive actions by the Trump administration — and ease pressure from other foreign partners ... the draconian travel ban imposed by Trump last week on all ...,"https://www.bing.com/cr?IG=341B96755ACA4BD48A51A6385CECE66D&CID=24F7D2C2B6336F2E27A4D8DDB7026EC9&rd=1&h=DG54QK-pdfsHRetRo-H6G71B54zyv5q0cTs1qTt5550&v=1&r=https%3a%2f%2fwww.washingtonpost.com%2fworld%2fasia_pacific%2ftrump-travel-ban-other-pressures-lead-pakistan-to-rein-in-islamist-militants%2f2017%2f02%2f03%2ffb6706ea-ea01-11e6-903d-9b11ed7d8d2a_story.html&p=DevEx,5021.1"
Pinnacle Financial Partners,'WE ARE ALL IMMIGRANTS': Execs speak out against Trump's immigration ban,"CNBC's Andrew Ross Sorkin said Monday that some CEOs he had spoken to were avoiding speaking out against the ban ... immigration, as well as statements by administration officials, to assess its impact. As a U.S. company and the world’s most global ...","http://www.bing.com/cr?IG=341B96755ACA4BD48A51A6385CECE66D&CID=24F7D2C2B6336F2E27A4D8DDB7026EC9&rd=1&h=GYrVaBR559EQNeMxs28vTl-UFl8cmTb14e-LOwOurE0&v=1&r=http%3a%2f%2fwww.businessinsider.com%2fexecutives-who-are-against-trumps-immigration-ban-2017-1&p=DevEx,5023.1"
Pinnacle Financial Partners,Expedia Supports Lawsuit Against Trump’s Immigration Ban,"Can you explain what it entails to help the 1,000 Expedia customers who are affected by the ban and what the financial cost is to do so ... come together on this ban — all of our supply partners have been as flexible as they can be to help those impacted.","https://www.bing.com/cr?IG=341B96755ACA4BD48A51A6385CECE66D&CID=24F7D2C2B6336F2E27A4D8DDB7026EC9&rd=1&h=rn2orljtWtbQ_qFEOqM37JGKj_xicQ_0YYEDUWBYh94&v=1&r=https%3a%2f%2fwww.nytimes.com%2f2017%2f01%2f31%2ftravel%2fexpedia-dara-khosrowshahi-lawsuit-against-trump-immigration-ban.html&p=DevEx,5025.1"
Pinnacle Financial Partners,"US political, economic risks mounting against Trump's agenda, Goldman Sachs says","Growing resistance to Trump's executive orders on immigration and financial reform has galvanized opposition ... Silicon Valley has largely denounced the travel ban, which now threatens to become ensnared in a protracted battle between the executive ...","http://www.bing.com/cr?IG=341B96755ACA4BD48A51A6385CECE66D&CID=24F7D2C2B6336F2E27A4D8DDB7026EC9&rd=1&h=N1ddpiipiXh0V5pQj-khX1nL5-bcKzNggRD_p8yTTuY&v=1&r=http%3a%2f%2fwww.cnbc.com%2f2017%2f02%2f04%2fus-political-economic-risks-mounting-against-trumps-agenda-goldman-sachs-says.html&p=DevEx,5027.1"
World Fuel,"Long before Trump, America's love-hate stance on immigration",WASHINGTON: America's distinction as a nation of immigrants -- that bedrock of its national identity -- has helped fuel the outpouring of outrage ... another major restriction between the two world wars. The Immigration Act of 1924 set a limit for the ...,"http://www.bing.com/cr?IG=4DBF82C1E3764ACBA4E6794E2392EEF0&CID=0C2F32074A4D672633AB38184B7C6691&rd=1&h=-qITGY0tKQ2fuq5w5KbIFLPIeBjYoXQVC7O5zpjXQ9k&v=1&r=http%3a%2f%2ftimesofindia.indiatimes.com%2fworld%2fus%2flong-before-trump-americas-love-hate-stance-on-immigration%2farticleshow%2f56955869.cms&p=DevEx,5019.1"
World Fuel,Donald Trump's travel ban: Silence of some pro-Islamist countries reek of fundamentalism-imperialism nexus,"When US President Donald Trump signed the executive order to ban ... through World Relief and other federally approved resettlement agencies. We don’t want to stop now.” Trump’s administration, however, is reiterating that the immigration ban is ...","http://www.bing.com/cr?IG=4DBF82C1E3764ACBA4E6794E2392EEF0&CID=0C2F32074A4D672633AB38184B7C6691&rd=1&h=QyiBx6wp4_C4WiMXnO0FkTuVxPoi7yPswPNa-_foT48&v=1&r=http%3a%2f%2fwww.firstpost.com%2fworld%2fdonald-trumps-travel-ban-silence-of-some-pro-islamist-countries-reek-of-fundamentalism-imperialism-nexus-3266598.html&p=DevEx,5021.1"
World Fuel,"Terrorism, immigration fears in Europe fuel populist candidates' appeal","Given her positions on limiting immigration and her tough anti-Islamic stance, Le Pen's support has remained high throughout the wave of terror attacks in France and Europe over the past year. ""The whole world ... Trump's temporary ban on travelers ...","http://www.bing.com/cr?IG=4DBF82C1E3764ACBA4E6794E2392EEF0&CID=0C2F32074A4D672633AB38184B7C6691&rd=1&h=B48zGrR4iOf95jRTSVWdgboKXj7AHN8ONvXOOBsA97s&v=1&r=http%3a%2f%2fwjla.com%2fnews%2fnation-world%2fterrorism-immigration-fears-in-europe-fuel-populist-candidates-appeal&p=DevEx,5023.1"
World Fuel,America’s Love-Hate Stance on Immigration,America’s distinction as a nation of immigrants—that bedrock of its national identity—has helped fuel ... s travel ban. But it’s hardly the first time that its borders have slammed shut. A look back in time reveals that the history of immigration ...,"http://www.bing.com/cr?IG=4DBF82C1E3764ACBA4E6794E2392EEF0&CID=0C2F32074A4D672633AB38184B7C6691&rd=1&h=-sYKZNVSA4sy4Ep0uCKpts4hFDT8Q3E6eiOiqB4Esq4&v=1&r=http%3a%2f%2fnewsweekpakistan.com%2famericas-love-hate-stance-on-immigration%2f&p=DevEx,5025.1"
World Fuel,The Irony Behind Trump’s Travel Ban And Holocaust Remembrance Day,"The omission was not only hurtful to remaining Holocaust survivors, their families, and friends, but it was dismissive of its six million victims during World War II. Ironically, Trump’s immigration ban on Muslims ... and adds more fuel to the ...","http://www.bing.com/cr?IG=4DBF82C1E3764ACBA4E6794E2392EEF0&CID=0C2F32074A4D672633AB38184B7C6691&rd=1&h=tpQnVrzGedG_5N1hTsECr1_wiS0RWiP_LnJTEAVeBhI&v=1&r=http%3a%2f%2fwww.ukprogressive.co.uk%2fthe-irony-behind-trumps-travel-ban-and-holocaust-remembrance-day%2farticle60580.html&p=DevEx,5027.1"
BGC Partners,U.S. technology startups panic over immigration ban,"said Mitchell, co-founder and partner at Scale Venture Partners. Silicon Valley ... Valley this week due to the travel ban. He was supposed to receive an award. 'GO TO HAWAII INSTEAD' San Francisco-based immigration lawyer Gali Schaham Gordon said an ...","http://www.bing.com/cr?IG=C7A6D1D31DBD47D0A1D3397A899C9A4C&CID=36956F4C674269330FCC65536673688A&rd=1&h=dckK2euxAkxxBlkm_RP75b4XU8bTNhkZB5Uj_ODWdBs&v=1&r=http%3a%2f%2fwww.reuters.com%2farticle%2fus-usa-trump-immigration-startups-idUSKBN15I1I0&p=DevEx,5019.1"
BGC Partners,"Iranian baby caught in travel ban can head to US for surgery, governor says","The girl and her family -- caught up in President Donald Trump's immigration ban -- have received an all-clear to enter ... with the International Refugee Assistance Project and their partners to ensure this baby receives the treatment she needs, and ...","http://www.bing.com/cr?IG=C7A6D1D31DBD47D0A1D3397A899C9A4C&CID=36956F4C674269330FCC65536673688A&rd=1&h=vQVXerYNz17rXeEXMeUT9V-pjsODv-gBmqPDe9bejHk&v=1&r=http%3a%2f%2fwww.cnn.com%2f2017%2f02%2f04%2fpolitics%2ftravel-ban-iranian-baby-heart-surgery-trnd%2findex.html&p=DevEx,5021.1"
BGC Partners,Trump Immigration Ban in Boston: Judge Will Not Extend Hold on Ban,A federal judge in Boston said Friday he will not extend Boston's stay of President Trump's controversial immigration ban past Sunday ... which has argued it can't bring in partners to its headquarters. Trump's executive order indefinitely banned Syrian ...,"http://www.bing.com/cr?IG=C7A6D1D31DBD47D0A1D3397A899C9A4C&CID=36956F4C674269330FCC65536673688A&rd=1&h=JUGKSMYs5MyEzYxsQ0vGXOtVjgEE7KYrR9K-9o97nNs&v=1&r=http%3a%2f%2fpatch.com%2fmassachusetts%2fboston%2fjudge-rule-bostons-block-trumps-immigration-ban&p=DevEx,5023.1"
BGC Partners,Immigration Order Complicates U.S. Businesses’ Plans in the Middle East,"As tensions rise with nations covered by President Trump’s immigration order ... the countries named in the ban are Libya, Somalia, Sudan, Syria and Yemen. The biggest business and strategic partners of the United States in the region, like Egypt ...","https://www.bing.com/cr?IG=C7A6D1D31DBD47D0A1D3397A899C9A4C&CID=36956F4C674269330FCC65536673688A&rd=1&h=fewTv-zMTw4KpCGoEpwI7BDFALNmzV1BblKX1-Lc7Kc&v=1&r=https%3a%2f%2fwww.nytimes.com%2f2017%2f02%2f03%2fbusiness%2fimmigration-order-business-iran-iraq.html&p=DevEx,5025.1"
BGC Partners,Immigration ban goes against our founding values | Opinion,This ban of desperate refugees and innocent immigrants is ultimately an empty gesture that will do nothing but embarrass the U.S. on the world stage and alienate many of the very people we rely upon as partners in the fight against ISIL. It now falls to ...,"http://www.bing.com/cr?IG=C7A6D1D31DBD47D0A1D3397A899C9A4C&CID=36956F4C674269330FCC65536673688A&rd=1&h=cpKbFmEHCZg6D6b8UiQt3mZZ5veRBldkoTuRZYtbRms&v=1&r=http%3a%2f%2fwww.sun-sentinel.com%2fopinion%2fcommentary%2ffl-rroped-immigration-ban-against-values-20170201-story.html&p=DevEx,5027.1"
Laclede Group,Homeland Security suspends travel ban,Washington (CNN)President Donald Trump's government moved swiftly Saturday to comply with a federal judge's order halting his immigration ban -- even as Trump denounced ... It was not immediately clear how many from that group will continue to be without ...,"http://www.bing.com/cr?IG=09DD28E19B1F42DE901B13D6EBED4478&CID=2C7FB107BEE9692D22A8BB18BFD868CC&rd=1&h=p_Fcv8Tzhjn73FyXURBs_2acv-W8I4AwpNoogHU32BM&v=1&r=http%3a%2f%2fwww.cnn.com%2f2017%2f02%2f03%2fpolitics%2ffederal-judge-temporarily-halts-trump-travel-ban-nationwide-ag-says%2findex.html&p=DevEx,5019.1"
Laclede Group,Protesters against immigration ban end march peacefully in downtown Yakima,"1:00 p.m.: The group of protesters has ended Saturday's march in an effort ... Carrying signs and chanting pro-immigration and anti-Trump slogans, they are marching on the sidewalks on both side of Yakima Avenue between Fourth and Second streets.","http://www.bing.com/cr?IG=09DD28E19B1F42DE901B13D6EBED4478&CID=2C7FB107BEE9692D22A8BB18BFD868CC&rd=1&h=CLUmGdhf5rfIgDBBx2LoXpGFCGL9EzOO7Q0mW9o3a90&v=1&r=http%3a%2f%2fwww.yakimaherald.com%2fnews%2flocal%2fprotesters-against-immigration-ban-end-march-peacefully-in-downtown-yakima%2farticle_61f653a4-eb0e-11e6-8e8a-27063810027f.html&p=DevEx,5021.1"
Laclede Group,Backers and foes of Trump travel ban protests at LAX,"Opponents of the ban began rallying in front of Tom Bradley International Terminal about 11 a.m. They were joined about an hour later by a group of ban supporters, who stationed themselves across the roadway. About 100 protesters of the ban were led by a ...","http://www.bing.com/cr?IG=09DD28E19B1F42DE901B13D6EBED4478&CID=2C7FB107BEE9692D22A8BB18BFD868CC&rd=1&h=HAeUB7kiHHcxc8loSeFv64pg6q6TEzM1sYFRJllni4U&v=1&r=http%3a%2f%2fwww.latimes.com%2flocal%2flanow%2fla-me-ln-lax-protests-20170204-htmlstory.html&p=DevEx,5023.1"
Laclede Group,Immigration ban lawsuit goes before Seattle judge,"""The lawsuit filed by Washington state is different because it's not about one specific group of people or one specific part of the immigration ban"". Jeffrey P. Bezos, the owner of The Washington Post and a Washington state resident, has spoken out against ...","http://www.bing.com/cr?IG=09DD28E19B1F42DE901B13D6EBED4478&CID=2C7FB107BEE9692D22A8BB18BFD868CC&rd=1&h=BhZTIBj3toi76iNZQoZigMK3W4QVMRywj-knzpDRSSI&v=1&r=http%3a%2f%2flarampadinapoli.com%2f2017%2f02%2f04%2fimmigration-ban-lawsuit-goes-before-seattle-judge%2f&p=DevEx,5025.1"
Laclede Group,Global Demonstrations Over Trump’s Policies Heat Up Amid Anger Over Travel Ban,"Protesters and immigration attorneys rallied at airports ... to take a stand against the President and the travel ban. Although the country is not one of the seven affected by the ban, the small group of protesters in the predominately Muslim country ...","http://www.bing.com/cr?IG=09DD28E19B1F42DE901B13D6EBED4478&CID=2C7FB107BEE9692D22A8BB18BFD868CC&rd=1&h=3CEy7knxNGUGwGyQBhHicB7KTU_E6mLU8u8XoplezvY&v=1&r=http%3a%2f%2fwww.nbcnews.com%2fpolitics%2fdonald-trump%2fglobal-demonstrations-over-trump-s-policies-heat-amid-anger-over-n716831&p=DevEx,5027.1"
Integra LifeSciences Holdings,"In the Papers - Mercedes, Compass Group, Facebook, American Airlines","Immigration ban will cripple us, Silicon Valley Chiefs warn Trump ... Leaving the European Union will create opportunities for the U.K. life sciences sector, the Chief Executive of AstraZeneca has said. HomeServe seeks digital future with Checkatrade ...","http://www.bing.com/cr?IG=A3F18ECE944448C6BFCB203FCBF807A0&CID=2D10178A7E956E6B1E041D957FA46F06&rd=1&h=0RmqR8-mndxJav9E7bOZEmj7eMO6F_3XS36DUQ6eYtE&v=1&r=http%3a%2f%2fwww.proactiveinvestors.co.uk%2fcolumns%2fguardian-cfds-newspaper-briefing%2f27023%2fin-the-papers-mercedes-compass-group-facebook-american-airlines&p=DevEx,5019.1"
Integra LifeSciences Holdings,"Mexican Wall to Proceed as President Trump Promised, Construction Boom Up Ahead","Although much of the conversation around Trump's wall centers around illegal immigration, Barela pointed out that ... ""Thank you for bringing this to our attention. Edwards Lifesciences Corporation (EW) Posts Earnings Results Quadrant Capital Group LLC ...","http://www.bing.com/cr?IG=A3F18ECE944448C6BFCB203FCBF807A0&CID=2D10178A7E956E6B1E041D957FA46F06&rd=1&h=yWlsC7Ast8oX0aNH5C4VfGGS0gtswkMfVsJifVKEoiI&v=1&r=http%3a%2f%2flatribunadecanarias.com%2f2017%2f02%2f02%2fmexican-wall-to-proceed-as-president-trump-promised%2f&p=DevEx,5021.1"
Prospect Capital Corporation,"Casa De Corbat Gusta Mucho México; Mortgages, Immigration Ban Less So",No: Citi is doubling down on its pledge to invest $1 billion south of the border back before it or anyone else on Wall Street really took the prospect of “President ... New Residential Investment Corp. agreed to pay Citigroup $950 million for servicing ...,"http://www.bing.com/cr?IG=21E2BBB8DAC543DFABE7C4CAABE87EFA&CID=1E5A202F19E369FA256B2A3018D26814&rd=1&h=LpLaDRjkuuXHLhX-WVcyoaUOKdXdvnajei_UM4OfGhw&v=1&r=http%3a%2f%2fdealbreaker.com%2f2017%2f01%2fcasa-corbat-gusta-mucho-mexico-mortgages-immigration-ban-less-so%2f&p=DevEx,5019.1"
Prospect Capital Corporation,Google To Co-Sign Letter Against Trump's Immigration Ban,"As with his Muslim Ban ... capital of the world"", he said. Universities who sponsor H-1B visas are considered a separate class of employer and not subject to the cap. Changes to the H-1B program could be a rare chance for bipartisan agreement on immigration.","http://www.bing.com/cr?IG=21E2BBB8DAC543DFABE7C4CAABE87EFA&CID=1E5A202F19E369FA256B2A3018D26814&rd=1&h=VQ9EZYrzGWFaIaEXDeQRmlSrZERnJoYGTF6yYJZCO0M&v=1&r=http%3a%2f%2fdiscover-usa.net%2f2017%2f02%2fgoogle-to-co-sign-letter-against-trumps-immigration-ban%2f&p=DevEx,5021.1"
Prospect Capital Corporation,Trump throws Washington into state of anxious uncertainty,"Some have far-reaching implications, most notably Trump’s temporary refugee and immigration ban ... more deference to the agencies putting in the refugee ban. But uncertainty still remains the capital’s prevailing mood. Just on Saturday, the ...","http://www.bing.com/cr?IG=21E2BBB8DAC543DFABE7C4CAABE87EFA&CID=1E5A202F19E369FA256B2A3018D26814&rd=1&h=u_huUmSSYNqnHWRniec7R0F8ZVEhg-zN56WBEKt-wFY&v=1&r=http%3a%2f%2fwww.dailynews.com%2fgovernment-and-politics%2f20170204%2ftrump-throws-washington-into-state-of-anxious-uncertainty&p=DevEx,5023.1"
Prospect Capital Corporation,Courier Capital Cuts Position in Exxon Mobil Corporation (XOM) by $7578592,Among analysts who offered their Analysis on Exxon Mobil Corporation ... Mr. The ban quickly created chaos at the nation's airports as travelers who were in transit were detained after they landed. Trump Slams 'So-Called Judge' Who Blocked Immigration ...,"http://www.bing.com/cr?IG=21E2BBB8DAC543DFABE7C4CAABE87EFA&CID=1E5A202F19E369FA256B2A3018D26814&rd=1&h=jPkySUhmBTmAsjpSVNEOt23pLi_i5dInBdAjlXCJp1I&v=1&r=http%3a%2f%2fmundoaguaysaneamiento.net%2f2017%2f02%2f04%2fcourier-capital-cuts-position-in-exxon-mobil-corporation%2f&p=DevEx,5025.1"
Prospect Capital Corporation,Yemenis Close Bodegas and Rally to Protest Trump’s Ban,"He and his eight children are citizens, but he said he knew families whose members had different immigration statuses, raising the prospect of the ban dividing them ... to close its embassy in Sana, the capital, in 2015. Yemenis hoping to get to ...","https://www.bing.com/cr?IG=21E2BBB8DAC543DFABE7C4CAABE87EFA&CID=1E5A202F19E369FA256B2A3018D26814&rd=1&h=JygIpQ0FAeSDpuceIDRMi5uUfXEajbfqO2F1ZCwrZNA&v=1&r=https%3a%2f%2fwww.nytimes.com%2f2017%2f02%2f02%2fnyregion%2fnew-yorks-yemeni-owned-bodegas-close-to-protest-trumps-immigration-ban.html&p=DevEx,5027.1"
Fanatics,Trump's Immigration Ban Was Clumsy But He's Right About Radical Islam,"We cannot pretend that all Muslim immigrants are perfect adapters; but similarly, we cannot assume that no Muslim immigrants are fanatics. In our immigration policy, we need to make all possible effort to welcome adapters and exclude troublemakers.","http://www.bing.com/cr?IG=5057EBCB2FF24D6894806CF6587EF09C&CID=1A1BBD76D43D6C620447B769D50C6D7F&rd=1&h=QLbqsMjxt9phMqlrK_GIxkGPFfhWsF0M6uZ2qABt0og&v=1&r=http%3a%2f%2fwww.huffingtonpost.com%2fentry%2ftrump-immigration-ban_us_58933c0de4b070cf8b80d970&p=DevEx,5021.1"
Fanatics,Sanders praises ruling to halt Trump immigration ban,"Bernie Sanders Bernie Sanders Sanders praises ruling to halt Trump immigration ban These times call for big people Clinton ... ""Trump's anti-Muslim order plays into the hands of fanatics wishing to harm America. Love and compassion trump hatred and ...","http://www.bing.com/cr?IG=5057EBCB2FF24D6894806CF6587EF09C&CID=1A1BBD76D43D6C620447B769D50C6D7F&rd=1&h=cdgIONKYBTWjPipsKQzViWJXbOxsaSJJH72uN6C8w-Y&v=1&r=http%3a%2f%2fthehill.com%2fblogs%2fblog-briefing-room%2fnews%2f317905-sanders-praises-ruling-to-halt-trump-immigration-ban&p=DevEx,5023.1"
Fanatics,Everything you need to know about the Executive Order on Immigration,The first poll of American public opinion conducted after the Trump administration issued a ban on immigration and travel from seven ... is the fact that white supremacists and anti-government fanatics have committed the vast majority of terrorist ...,"http://www.bing.com/cr?IG=5057EBCB2FF24D6894806CF6587EF09C&CID=1A1BBD76D43D6C620447B769D50C6D7F&rd=1&h=Easo-w_2D_txdj7ete9ujE8_bTVbS-z3w4UFzJcuzS8&v=1&r=http%3a%2f%2fsemanariopalestra.com%2f2017%2f02%2f04%2feverything-you-need-to-know-about-the-executive-order-on.html&p=DevEx,5025.1"
Fanatics,Bernie Sanders and others respond to Trump’s Muslim ban,"On Saturday, Sanders posted some of his thoughts on Twitter, accusing Trump of giving fanatics more fuel to “harm ... but stands against the ban on those who have gone through the immigration process. Flake posted on Medium over the weekend: “President ...","http://www.bing.com/cr?IG=5057EBCB2FF24D6894806CF6587EF09C&CID=1A1BBD76D43D6C620447B769D50C6D7F&rd=1&h=bdjSSbgSFAXl1fMYw40NSpuCYpo3RPeLitHfC4uqxD8&v=1&r=http%3a%2f%2fwww.nationofchange.org%2f2017%2f01%2f30%2fbernie-sanders-others-respond-trumps-muslim-ban%2f&p=DevEx,5027.1"
Fanatics,Chuckles the Clown Crying On TV - Immigration Ban,"What does America gain from allowing tens of thousands of unskilled, illiterate, religious fanatics into a country they never plan ... It is a ""temporary"" ban to give us time to revamp how we allow people from terrorist-prone countries into our country.","http://www.bing.com/cr?IG=5057EBCB2FF24D6894806CF6587EF09C&CID=1A1BBD76D43D6C620447B769D50C6D7F&rd=1&h=oesyHBi-fDyi255-rA2O2g3fY3VkWq7ShgoikFUl58E&v=1&r=http%3a%2f%2fwww.glocktalk.com%2fthreads%2fchuckles-the-clown-crying-on-tv-immigration-ban.1650723%2fpage-4&p=DevEx,5029.1"
Clean Harbors,Trump's Immigration Ban Was Clumsy But He's Right About Radical Islam,Perhaps it was my high expectations that made last Friday’s executive order on immigration so puzzling ... A coaster’s children can become adapters; some menaces clean up their acts; some fanatics get disillusioned with the pursuit of religious ...,"http://www.bing.com/cr?IG=DF98BC049FF247F68465C796A985742E&CID=08E723BD6D1368823D2629A26C226909&rd=1&h=QLbqsMjxt9phMqlrK_GIxkGPFfhWsF0M6uZ2qABt0og&v=1&r=http%3a%2f%2fwww.huffingtonpost.com%2fentry%2ftrump-immigration-ban_us_58933c0de4b070cf8b80d970&p=DevEx,5019.1"
Clean Harbors,The Impact of Trump’s Anti-Muslim Immigration Ban is Huge,President Trump’s asserts that the travel and entry ban ... will not clean up the ban to avoid a date in the Supreme Court. Justice Anthony Kennedy tends to be pivotal in these cases. He was part of a very small majority in 2001’s Immigration and ...,"http://www.bing.com/cr?IG=DF98BC049FF247F68465C796A985742E&CID=08E723BD6D1368823D2629A26C226909&rd=1&h=6s7BhMBzKYOVTHM4pJ07W5kwZ0QYzl23TAS-WVfl578&v=1&r=http%3a%2f%2fwww.blackenterprise.com%2fnews%2fimpact-trump-anti-muslim-immigration-ban%2f&p=DevEx,5021.1"
Clean Harbors,Trump Presses Immigration Ban in Remarks at National Prayer Breakfast,"It was also reported this week that Trump threatened to send the USA military to clean out the drug cartels on the U.S. Washington ... urge US President Donald Trump to rescind his alleged ""Muslim ban"". Is it President Trump, who instituted this perfectly ...","http://www.bing.com/cr?IG=DF98BC049FF247F68465C796A985742E&CID=08E723BD6D1368823D2629A26C226909&rd=1&h=2D5HFJVtSFD79Uvao8p6WiTwZ49RYFt0NKinEESRp_g&v=1&r=http%3a%2f%2fflapship.com%2f2017%2f02%2ftrump-presses-immigration-ban-in-remarks-at-national-prayer%2f&p=DevEx,5023.1"
Clean Harbors,There Has Been Radio Silence From Beauty Companies About the Immigration Ban,"The CEO of Johnson & Johnson (which owns Neutrogena, Clean & Clear, Aveeno ... will not be impacted by this immigration ban at some point, if not already. If there aren’t immediate implications for their employees (like at so many tech companies right ...","http://www.bing.com/cr?IG=DF98BC049FF247F68465C796A985742E&CID=08E723BD6D1368823D2629A26C226909&rd=1&h=4tQA6yLGRu6Sv7UssfiPP8dB-cc5TcTmx87bZn-GUaY&v=1&r=http%3a%2f%2fwww.racked.com%2f2017%2f1%2f31%2f14454656%2fimmigration-ban-beauty-companies&p=DevEx,5025.1"
Clean Harbors,Immigration ban could cut Syracuse's supply of foreign doctors,"SYRACUSE, N.Y. - President Trump's immigration ban is worrying ... said clarification of the 90-day ban's guidelines ""seems to be changing by the hour."" ""Even if they have documents that are clean, one thing we worry about is if they go home with their ...","http://www.bing.com/cr?IG=DF98BC049FF247F68465C796A985742E&CID=08E723BD6D1368823D2629A26C226909&rd=1&h=DX4VhLw2W7v7PLxAusxiK0_FG6zWL_kUYSC3UeCZ3uM&v=1&r=http%3a%2f%2fwww.syracuse.com%2fhealth%2findex.ssf%2f2017%2f01%2fimmigration_ban_could_cut_syracuses_supply_of_foreign_docs.html&p=DevEx,5027.1"
Extended Stay America,Judges across U.S. to weigh challenges to Trump immigration ban,"A federal judge in the same Brooklyn court that blocked President Donald Trump's ""Muslim ban"" last Saturday ... detained in airports across America, ruled Thursday that the ""emergency stay"" issued Saturday should be extended another three weeks, to ...","http://www.bing.com/cr?IG=E1A07E8507B74CFB929E45B022A88483&CID=1198FCA1D89B678B1F5EF6BED9AA6650&rd=1&h=KMcG90Rwe2cc3ctFx5Q_cR-Yr4KgKzGQg4zJtsvzDZg&v=1&r=http%3a%2f%2fthecelebritytruth.com%2f2017%2f02%2fjudges-across-u-s-to-weigh-challenges-to-trump-immigration%2f&p=DevEx,5019.1"
Extended Stay America,Trump blasts 'so-called judge' who temporarily blocked immigration ban in Saturday tweetstorm,"Bush appointee, granted a nationwide temporary restraining order on the immigration ban Friday night. Robart's ruling ... the Department of Justice intends to file an emergency stay of this order and defend the executive order of the President, which ...","http://www.bing.com/cr?IG=E1A07E8507B74CFB929E45B022A88483&CID=1198FCA1D89B678B1F5EF6BED9AA6650&rd=1&h=CiP8syoc-z04ehRDBpbLs5rLSLU4IKAteCJuRrCj6Io&v=1&r=http%3a%2f%2fwww.businessinsider.com%2ftrump-judge-immigration-ban-block-twitter-2017-2&p=DevEx,5021.1"
Extended Stay America,Homeland Security suspends travel ban,"Washington (CNN)President Donald Trump's government moved swiftly Saturday to comply with a federal judge's order halting his immigration ban -- even as Trump denounced ... ""But this won't be the end of our fight to keep America's door open to refugees ...","http://www.bing.com/cr?IG=E1A07E8507B74CFB929E45B022A88483&CID=1198FCA1D89B678B1F5EF6BED9AA6650&rd=1&h=p_Fcv8Tzhjn73FyXURBs_2acv-W8I4AwpNoogHU32BM&v=1&r=http%3a%2f%2fwww.cnn.com%2f2017%2f02%2f03%2fpolitics%2ffederal-judge-temporarily-halts-trump-travel-ban-nationwide-ag-says%2findex.html&p=DevEx,5023.1"
Extended Stay America,"Trump tweets on ""so-called judge"" after travel ban stay","President Trump launched an early morning Twitter offensive against a federal judge Saturday after U.S. District Judge James Robart in Seattle declared a nationwide stay on Mr. Trump’s travel ban. The president defended his immigration order, which ...","http://www.bing.com/cr?IG=E1A07E8507B74CFB929E45B022A88483&CID=1198FCA1D89B678B1F5EF6BED9AA6650&rd=1&h=A8tjRnJveVUy5nXXU71tfl0qnIArj15S2AtPXeK5r8k&v=1&r=http%3a%2f%2fwww.cbsnews.com%2fnews%2ftrump-tweets-on-so-called-judge-after-travel-ban-stay%2f&p=DevEx,5025.1"
Extended Stay America,Donald Trump slams 'so-called judge' who blocked ban and vows to overturn ruling as once-banned travellers board flights to US,"President Donald Trump has lashed out at a federal judge who blocked his executive order on immigration ... America’s refugee programme. Sean Spicer, Mr Trump’s spokesman, said the department of justice would seek an emergency stay on that ruling ...","http://www.bing.com/cr?IG=E1A07E8507B74CFB929E45B022A88483&CID=1198FCA1D89B678B1F5EF6BED9AA6650&rd=1&h=M4hp5SL_HkoP4Ps8r8WcG0QVyx535pUNB8fHwb1dZ0Y&v=1&r=http%3a%2f%2fwww.telegraph.co.uk%2fnews%2f2017%2f02%2f04%2fdonald-trump-slams-so-called-judge-blocked-ban-vows-overturn%2f&p=DevEx,5027.1"
Swift Transportation Corporation,Homeland Security suspends travel ban,"Washington (CNN)President Donald Trump's government moved swiftly Saturday to comply with a federal judge's order halting his immigration ban -- even as Trump denounced ... morning -- the International Air Transportation Association, a worldwide airline ...","http://www.bing.com/cr?IG=6C4F916BB119437591AA5BE335027760&CID=15A6B78B41986EDA1063BD9440A96F9E&rd=1&h=p_Fcv8Tzhjn73FyXURBs_2acv-W8I4AwpNoogHU32BM&v=1&r=http%3a%2f%2fwww.cnn.com%2f2017%2f02%2f03%2fpolitics%2ffederal-judge-temporarily-halts-trump-travel-ban-nationwide-ag-says%2findex.html&p=DevEx,5019.1"
Swift Transportation Corporation,President Trump's immigration ban leads to a press conference in Atlanta,On Wednesday February 1 The Georgia Legislative Black Caucus will hold a press conference regarding President Trump's immigration executive ... and every advocate for the swift reversal of Trump’s Muslim ban. We will be working tirelessly and using ...,"http://www.bing.com/cr?IG=6C4F916BB119437591AA5BE335027760&CID=15A6B78B41986EDA1063BD9440A96F9E&rd=1&h=BR8_WYXjmm3FkgEiJJxXaniKLosBM8_MdFHL25YOK2I&v=1&r=http%3a%2f%2fwww.cbs46.com%2fstory%2f34391666%2fpresident-trumps-immigration-ban-leads-to-a-press-conference-in-atlanta&p=DevEx,5021.1"
Swift Transportation Corporation,Buyers Fear Travel Repercussions of Trump Immigration Ban,"More than 250 travel buyers responded to an Association of Corporate Travel Executives survey over the weekend to voice concern about President Trump's immigration ban on travelers ... restaurants, ground transportation—all the travel infrastructure.","http://www.bing.com/cr?IG=6C4F916BB119437591AA5BE335027760&CID=15A6B78B41986EDA1063BD9440A96F9E&rd=1&h=GCWoY4AIYjFdLNaPofoayBGRLonTzaS3nmztIH2cICg&v=1&r=http%3a%2f%2fwww.businesstravelnews.com%2fGlobal%2fBuyers-Fear-Travel-Repercussions-of-Trump-Immigration-Ban&p=DevEx,5023.1"
Swift Transportation Corporation,Poll: 49% of Americans agree with Trump's immigration ban,"LLP Files Complaint to Recover Losses Suffered by Investors in Roadrunner Transportation Systems, Inc. Levi & Korsinsky, LLP Sirona Biochem Announces Convertible Note Financing Sirona Biochem Corp. EV Energy Partners Schedules Fourth Quarter and Full Year ...","http://www.bing.com/cr?IG=6C4F916BB119437591AA5BE335027760&CID=15A6B78B41986EDA1063BD9440A96F9E&rd=1&h=ghVCvEh_j6XCMqqmU7b_thhghGKDVyABjhLIaNNKzQU&v=1&r=http%3a%2f%2fuspolitics.einnews.com%2farticle%2f364524180%2flive&p=DevEx,5025.1"
Swift Transportation Corporation,Trump aide cites 'massacre' that never occurred to defend immigrant ban,"Kellyanne Conway (@KellyannePolls)In an interview with MSNBC's Chris Matthews on Thursday, Conway said that President Obama instituted an immigration ban on Iraqi refugees ... 14.47% from 218.48 to 250.1. Celgene Corporation (NASDAQ:CELG) current consensus ...","http://www.bing.com/cr?IG=6C4F916BB119437591AA5BE335027760&CID=15A6B78B41986EDA1063BD9440A96F9E&rd=1&h=lt1EOLRCLSgdGI4WP4eMU0iD3UiwVzR9G3H5V5axucc&v=1&r=http%3a%2f%2femfizz.com%2f2017%2f02%2ftrump-aide-cites-massacre-that-never-occurred-to-defend%2f&p=DevEx,5027.1"
Pandora,Media Giants Tread Carefully While Tech Companies Speak Out on Trump Immigration Ban,"Read more: Pandora CEO Tim Westergren's Memo on Trump ... Beyond Fox, Hollywood giants have been tight-lipped, avoiding public comments about the immigration ban, with one analyst arguing they may want to avoid the political spotlight and open ...","http://www.bing.com/cr?IG=5BF2B1DCE80A4BBC90C6F2A31688920E&CID=219931301DA46A7136333B2F1C956BA5&rd=1&h=eqI2Jykquo80FeVuisvgrc8ezyLcfQkAWsdAv9Dr4hM&v=1&r=http%3a%2f%2fwww.billboard.com%2fbiz%2farticles%2fnews%2flegal-and-management%2f7677017%2fmedia-giants-tread-carefully-while-tech-companies&p=DevEx,5021.1"
Pandora,"Travel ban Opponents, Supporters react to Judge's decision","At the Muslim Association of Puget Sound, conversations on Friday night centered around a federal judge in Seattle granting a temporary retraining order against the travel ban. Families impacted by the immigration ... now created a Pandora's Box.","http://www.bing.com/cr?IG=5BF2B1DCE80A4BBC90C6F2A31688920E&CID=219931301DA46A7136333B2F1C956BA5&rd=1&h=0IIionsVeIYP58DWJ2UHiUJK5qbu-kme-lZHFSiBeH4&v=1&r=http%3a%2f%2fwww.king5.com%2fnews%2flocal%2flocal-reaction-to-decision%2f397841532&p=DevEx,5023.1"
Pandora,What Is the Silver Lining with The Immigration Debate?,"With that, President Donald Trump’s recent immigration ban has opened up a Pandora’s box of legal action and political fallout to question whether or not he is making the right decision, or not. Facing the music, so to speak, places the Administration ...","http://www.bing.com/cr?IG=5BF2B1DCE80A4BBC90C6F2A31688920E&CID=219931301DA46A7136333B2F1C956BA5&rd=1&h=B9VS7apviiuk6x-H66LlwrWgq8ofXEhNjr2Qtv82thw&v=1&r=http%3a%2f%2fwww.redstate.com%2fdiary%2fMichaelMcGrady%2f2017%2f02%2f02%2fsilver-lining-immigration-debate%2f&p=DevEx,5025.1"
Pandora,Lyft pledges to donate $1 million to ACLU following Trump's immigration order,"While the #DeleteUber hashtag continues to gather steam on social media, Lyft is taking on Donald Trump's Muslim ban directly ... to ACLU following Trump's immigration order https://t.co/RxuNfsiJ50 3 minutes ago Pandora P. Lyft pledges to donate ...","http://www.bing.com/cr?IG=5BF2B1DCE80A4BBC90C6F2A31688920E&CID=219931301DA46A7136333B2F1C956BA5&rd=1&h=GPT3aZhaOEjR4FjAa7uFKwuionXpP2W8D9g5zqkxauE&v=1&r=http%3a%2f%2fwww.onenewspage.com%2fn%2fAmericas%2f75e21om54%2fLyft-pledges-to-donate-million-to-ACLU.htm&p=DevEx,5027.1"
Pandora,Trumped by the ban,"Even though Saudi Arabia is not on the list, who knows how the guy at the immigration counter ... are not included in the ban, but that does not make them necessarily feel any better. There is worry and concern that the lid of Pandora’s Box is slowly ...","http://www.bing.com/cr?IG=5BF2B1DCE80A4BBC90C6F2A31688920E&CID=219931301DA46A7136333B2F1C956BA5&rd=1&h=5OybXjfpj_CEk2rb8vEs-oNR2XQHZM4ZaXz-CxeBPwc&v=1&r=http%3a%2f%2fgulfnews.com%2fopinion%2fthinkers%2ftrumped-by-the-ban-1.1973021&p=DevEx,5029.1"
